설정거리_m,GT거리_mm,frame,마스크IoU,오선택,화면잘림,GT면적px,coarse_R_deg,coarse_t_mm,refined_R_deg,refined_t_mm,RH1_R_deg,RH1_t_mm,RH1_ADD_mm,RH1_KPI
0.30,288.5,frame_0000,0.9742,0,1,704976,0.4505,3.3532,1.3356,1.0694,0.4505,1.0694,1.4217,1
0.30,287.0,frame_0001,0.99,0,1,746147,0.9745,1.5753,1.3242,0.6964,0.9745,0.6964,1.6092,1
0.30,308.1,frame_0002,0.9895,0,1,638189,0.54,1.3015,1.3172,0.7368,0.54,0.7368,1.2442,1
0.30,321.4,frame_0003,0.8911,0,1,562308,0.6813,3.2607,1.6659,0.5452,0.6813,0.5452,1.0802,1
0.30,322.7,frame_0004,0.9897,0,1,617588,1.4248,5.5137,1.1218,1.3364,1.4248,1.3364,2.452,1
0.30,281.6,frame_0005,0.9762,0,0,446435,3.2532,7.8575,1.4862,29.4919,3.2532,29.4919,30.0003,0
0.30,296.9,frame_0006,0.9913,0,1,717105,0.6968,3.3363,1.3016,1.4757,0.6968,1.4757,2.01,1
0.30,305.7,frame_0007,0.9872,0,1,692760,0.5627,1.69,1.6369,1.0611,0.5627,1.0611,1.4726,1
0.30,278.1,frame_0008,0.9912,0,1,740632,0.4776,1.7291,1.2872,0.9803,0.4776,0.9803,1.362,1
0.30,322.9,frame_0009,0.9893,0,1,595046,0.9041,5.9791,0.8527,29.6154,0.9041,29.6154,29.8869,0
0.30,321.8,frame_0010,0.99,0,1,626019,0.5035,2.3866,0.8652,1.23,0.5035,1.23,1.6381,1
0.30,293.9,frame_0011,0.8229,0,1,673526,0.7511,1.3522,0.7985,1.0568,0.7511,1.0568,1.5003,1
0.30,292.8,frame_0012,0.9876,0,0,677685,0.6806,3.6926,0.2181,28.4934,0.6806,28.4934,28.5731,0
0.30,302.7,frame_0013,0.8667,0,1,638007,0.3859,3.3472,0.8874,1.4296,0.3859,1.4296,1.4463,1
0.30,310.4,frame_0014,0.9707,0,0,621539,1.2379,5.1232,1.0346,0.7964,1.2379,0.7964,1.9997,1
0.30,315.5,frame_0015,0.9888,0,0,645593,0.5477,5.6122,0.7429,1.4748,0.5477,1.4748,2.0312,1
0.30,316.4,frame_0016,0.989,0,1,635539,0.7611,6.2432,1.0286,1.3942,0.7611,1.3942,1.7711,1
0.30,278.7,frame_0017,0.982,0,1,784124,0.6864,3.5989,0.5489,0.7729,0.6864,0.7729,1.4558,1
0.30,329.1,frame_0018,0.9903,0,0,560220,0.3952,6.9543,1.0991,1.5398,0.3952,1.5398,1.5703,1
0.30,290.3,frame_0019,0.9877,0,1,707725,0.4624,3.1217,0.4541,0.7554,0.4624,0.7554,0.9878,1
0.30,278.8,frame_0020,0.9893,0,1,779237,0.3465,2.6199,0.969,1.1212,0.3465,1.1212,1.1144,1
0.30,293.3,frame_0021,0.9909,0,1,751647,0.5061,2.9289,1.5586,0.7129,0.5061,0.7129,1.1193,1
0.30,329.8,frame_0022,0.9841,0,1,536656,0.339,5.4428,0.9339,0.9592,0.339,0.9592,1.1655,1
0.30,278.9,frame_0023,0.9751,0,1,673584,1.0599,5.6349,2.1662,0.977,1.0599,0.977,1.8239,1
0.30,319.5,frame_0024,0.9714,0,0,365180,0.7206,4.9551,1.2539,1.0182,0.7206,1.0182,1.5677,1
0.30,274.8,frame_0025,0.985,0,1,746769,0.5936,1.2582,1.3557,0.8227,0.5936,0.8227,1.1374,1
0.30,306.6,frame_0026,0.9539,0,1,659047,0.7821,0.5887,1.3754,1.2282,0.7821,1.2282,1.6602,1
0.30,307.9,frame_0027,0.99,0,1,669851,0.6413,3.6658,0.6825,1.1574,0.6413,1.1574,1.7483,1
0.30,301.7,frame_0028,0.9871,0,0,600797,0.7015,3.6275,8.2137,11.1372,0.7015,11.1372,11.3873,0
0.30,270.4,frame_0029,0.9896,0,1,825291,0.105,1.3436,0.8649,1.0867,0.105,1.0867,1.1031,1
0.30,282.2,frame_0030,0.9908,0,1,808268,0.4462,4.6479,1.3928,1.2123,0.4462,1.2123,1.5789,1
0.30,309.0,frame_0031,0.6089,0,1,558342,1.6327,8.7264,0.9828,1.3645,1.6327,1.3645,2.9356,1
0.30,319.7,frame_0032,0.9721,0,1,667864,0.4184,2.9951,0.6286,1.2828,0.4184,1.2828,1.6827,1
0.30,320.6,frame_0033,0.9885,0,1,662754,2.6231,6.1996,0.8553,0.7892,2.6231,0.7892,3.8593,1
0.30,321.5,frame_0034,0.9831,0,1,621967,0.1917,2.3186,1.2482,1.4292,0.1917,1.4292,1.4086,1
0.30,279.1,frame_0035,0.9892,0,1,832889,0.2182,4.7077,1.2206,0.7308,0.2182,0.7308,0.8508,1
0.30,323.0,frame_0036,0.0,1,1,469042,174.7416,380.9946,173.4643,380.3663,174.7416,380.3663,390.6933,0
0.30,273.5,frame_0037,0.9794,0,1,789274,0.4842,3.0278,0.6577,1.0251,0.4842,1.0251,1.3495,1
0.30,304.1,frame_0038,0.9897,0,1,654682,0.2504,2.9501,1.2554,1.6399,0.2504,1.6399,1.6626,1
0.30,309.2,frame_0039,0.9869,0,1,658381,0.5807,2.915,1.4717,1.314,0.5807,1.314,1.4461,1
0.30,317.2,frame_0040,0.9898,0,0,618597,0.7726,4.2393,0.8578,0.8511,0.7726,0.8511,1.4514,1
0.30,309.7,frame_0041,0.9836,0,1,522443,0.5437,4.5096,1.1515,0.8091,0.5437,0.8091,1.2806,1
0.30,326.2,frame_0042,0.9636,0,1,524024,0.8564,4.2446,0.7102,0.9488,0.8564,0.9488,1.4587,1
0.30,281.3,frame_0043,0.9783,0,1,774447,1.8034,3.7032,0.7648,1.5446,1.8034,1.5446,2.9994,1
0.30,296.5,frame_0044,0.9861,0,1,689617,0.6817,5.3845,1.0968,0.8278,0.6817,0.8278,1.324,1
0.30,290.6,frame_0045,0.9863,0,1,629180,0.8055,0.7569,0.953,1.3496,0.8055,1.3496,2.1602,1
0.30,325.7,frame_0046,0.9874,0,0,615393,0.6214,4.1453,0.9765,1.0442,0.6214,1.0442,1.4622,1
0.30,302.6,frame_0047,0.8532,0,1,599112,1.2443,2.1317,0.458,0.5394,1.2443,0.5394,1.8525,1
0.30,326.4,frame_0048,0.9875,0,1,619557,0.2723,2.9952,1.6429,0.9227,0.2723,0.9227,1.1366,1
0.30,324.1,frame_0049,0.9517,0,1,591422,0.4535,2.1788,1.4355,1.255,0.4535,1.255,1.4896,1
0.40,388.5,frame_0000,0.9863,0,0,415579,0.4822,3.065,1.8533,1.3226,0.4822,1.3226,1.7599,1
0.40,387.0,frame_0001,0.9901,0,0,463642,0.2092,2.1761,1.036,0.5432,0.2092,0.5432,0.6099,1
0.40,408.1,frame_0002,0.9888,0,0,374239,0.6029,2.3405,1.1989,0.9973,0.6029,0.9973,1.6454,1
0.40,421.4,frame_0003,0.9477,0,0,321121,0.5715,3.9584,1.4642,1.2793,0.5715,1.2793,1.7219,1
0.40,422.7,frame_0004,0.9882,0,0,355158,0.1905,1.6229,1.2688,1.6256,0.1905,1.6256,1.5365,1
0.40,381.6,frame_0005,0.9819,0,0,252692,0.7022,5.2294,1.2801,1.7226,0.7022,1.7226,2.0253,1
0.40,396.9,frame_0006,0.9902,0,0,404357,0.4696,3.3869,1.0639,1.3329,0.4696,1.3329,1.7394,1
0.40,405.7,frame_0007,0.9816,0,1,437652,0.6591,1.515,1.6242,1.1752,0.6591,1.1752,1.6362,1
0.40,378.1,frame_0008,0.988,0,0,391725,0.2028,2.2663,1.2207,0.7247,0.2028,0.7247,0.7782,1
0.40,422.9,frame_0009,0.9893,0,0,350066,0.8698,0.7981,0.9061,0.892,0.8698,0.892,1.699,1
0.40,421.8,frame_0010,0.9888,0,0,360190,0.3388,0.8558,1.2467,1.1845,0.3388,1.1845,1.4002,1
0.40,393.9,frame_0011,0.9886,0,0,410548,0.4248,0.2321,1.1207,1.4252,0.4248,1.4252,1.4209,1
0.40,392.8,frame_0012,0.9874,0,0,394827,0.5928,2.7341,0.205,1.3747,0.5928,1.3747,1.5193,1
0.40,402.7,frame_0013,0.9889,0,0,367094,0.6175,2.6431,0.5363,1.1271,0.6175,1.1271,1.5352,1
0.40,410.4,frame_0014,0.9882,0,0,375536,0.3212,2.3151,0.6114,1.7148,0.3212,1.7148,1.8335,1
0.40,396.6,frame_0015,0.0001,1,0,411022,1.2812,2.6137,1.9159,1.7,1.2812,1.7,2.8115,1
0.40,371.9,frame_0016,0.0,1,1,400507,149.5134,384.8781,145.3723,363.3757,149.5134,363.3757,396.4355,0
0.40,401.9,frame_0017,0.9886,0,0,391885,0.3969,1.2358,0.8925,1.5314,0.3969,1.5314,1.925,1
0.40,413.4,frame_0018,0.9894,0,0,356846,0.5059,1.0607,0.1989,1.254,0.5059,1.254,1.4167,1
0.40,394.4,frame_0019,0.9888,0,0,396890,0.5054,3.6596,1.0451,1.2546,0.5054,1.2546,1.7277,1
0.40,385.5,frame_0020,0.9735,0,0,446502,0.4122,2.6243,0.831,1.3258,0.4122,1.3258,1.6099,1
0.40,371.6,frame_0021,0.9835,0,0,404798,0.6116,3.5718,1.446,1.0526,0.6116,1.0526,1.4543,1
0.40,383.9,frame_0022,0.9337,0,0,387729,0.2735,1.7036,1.4645,0.637,0.2735,0.637,0.7988,1
0.40,429.6,frame_0023,0.9893,0,0,334729,0.9331,1.819,1.17,1.19,0.9331,1.19,2.1044,1
0.40,378.9,frame_0024,0.0,1,0,364049,110.0355,504.0969,108.2167,509.921,110.0355,509.921,522.9973,0
0.40,419.5,frame_0025,0.9813,0,0,217191,0.4172,2.3733,1.192,1.0357,0.4172,1.0357,1.3172,1
0.40,374.8,frame_0026,0.9865,0,0,448256,0.5527,1.6063,1.4885,0.889,0.5527,0.889,1.1611,1
0.40,406.6,frame_0027,0.981,0,1,408387,0.8851,2.175,1.1683,1.6652,0.8851,1.6652,2.0743,1
0.40,407.9,frame_0028,0.9873,0,0,382698,0.4965,1.8692,1.4806,1.0013,0.4965,1.0013,1.3378,1
0.40,401.7,frame_0029,0.9847,0,0,290264,0.6799,5.1356,0.8992,0.7166,0.6799,0.7166,1.1652,1
0.40,387.6,frame_0030,0.8944,0,0,426945,0.3923,2.5449,0.3424,0.5901,0.3923,0.5901,0.7915,1
0.40,386.7,frame_0031,0.0,1,1,403660,92.7129,1224.2279,94.5663,1195.7976,92.7129,1195.7976,1190.5688,0
0.40,377.9,frame_0032,0.9881,0,0,447049,0.7036,0.677,1.5445,0.7602,0.7036,0.7602,1.3474,1
0.40,405.8,frame_0033,0.989,0,0,385641,0.3632,3.7432,0.8715,1.1736,0.3632,1.1736,1.5165,1
0.40,395.9,frame_0034,0.9862,0,0,377947,0.324,2.7326,1.1404,1.2168,0.324,1.2168,1.2835,1
0.40,398.1,frame_0035,0.9172,0,0,372176,0.5408,2.0766,5.63,2.8209,0.5408,2.8209,2.9271,1
0.40,395.7,frame_0036,0.9863,0,0,402168,0.5984,4.416,0.9686,1.6691,0.5984,1.6691,2.1646,1
0.40,384.9,frame_0037,0.9312,0,0,419637,0.1954,0.9665,1.7269,1.2451,0.1954,1.2451,1.3913,1
0.40,379.1,frame_0038,0.9883,0,0,464524,0.5155,4.6358,1.2755,0.8654,0.5155,0.8654,1.1166,1
0.40,423.0,frame_0039,0.0,1,0,280439,150.5663,639.6516,157.0079,615.0301,150.5663,615.0301,594.6808,0
0.40,373.5,frame_0040,0.9884,0,0,461079,0.2492,2.5513,1.0212,2.0057,0.2492,2.0057,2.2016,1
0.40,404.1,frame_0041,0.9903,0,0,367287,0.2882,3.1228,1.5581,0.9484,0.2882,0.9484,1.1564,1
0.40,409.2,frame_0042,0.9867,0,1,416250,0.264,2.2177,1.4138,1.3601,0.264,1.3601,1.4783,1
0.40,417.2,frame_0043,0.9892,0,0,364769,0.5034,3.6141,1.418,1.0887,0.5034,1.0887,1.1963,1
0.40,409.7,frame_0044,0.9886,0,0,412239,0.4727,3.4765,0.9387,0.8909,0.4727,0.8909,1.1268,1
0.40,419.3,frame_0045,0.9893,0,0,345170,0.9503,2.495,1.6894,1.5176,0.9503,1.5176,2.1959,1
0.40,384.5,frame_0046,0.0,1,0,370848,153.1667,389.3071,154.2438,378.3575,153.1667,378.3575,376.6422,0
0.40,381.8,frame_0047,0.0,1,0,398787,149.2206,309.7838,151.7416,302.2721,149.2206,302.2721,312.6859,0
0.40,397.1,frame_0048,0.9861,0,0,375511,0.4403,0.6983,1.0274,1.2439,0.4403,1.2439,1.6852,1
0.40,421.7,frame_0049,0.9893,0,1,437834,0.5499,1.8157,0.8998,1.9327,0.5499,1.9327,2.0992,1
0.50,488.5,frame_0000,0.9866,0,0,276726,0.8979,1.8503,1.639,1.6034,0.8979,1.6034,2.2129,1
0.50,487.0,frame_0001,0.9891,0,0,303958,0.6519,2.9734,1.1503,0.932,0.6519,0.932,1.5238,1
0.50,508.1,frame_0002,0.9879,0,0,244714,0.6614,3.4987,1.1191,1.4013,0.6614,1.4013,2.0796,1
0.50,521.4,frame_0003,0.9841,0,0,216588,0.2552,2.4078,1.4797,1.9582,0.2552,1.9582,1.9511,1
0.50,522.7,frame_0004,0.9791,0,0,236969,0.562,1.3554,1.7654,2.0908,0.562,2.0908,2.2792,1
0.50,481.6,frame_0005,0.9795,0,0,272674,0.3432,3.2481,1.2917,0.9973,0.3432,0.9973,1.1027,1
0.50,528.1,frame_0006,0.9878,0,0,212729,0.1083,1.9082,0.7338,1.1126,0.1083,1.1126,1.0884,1
0.50,493.5,frame_0007,0.9881,0,0,279181,0.3839,2.5026,0.7033,1.0689,0.3839,1.0689,1.273,1
0.50,511.1,frame_0008,0.9875,0,0,282804,0.6916,2.7988,1.1592,2.2178,0.6916,2.2178,2.4367,1
0.50,505.0,frame_0009,0.0,1,0,228711,98.326,369.8232,103.5239,356.7362,98.326,356.7362,397.2404,0
0.50,482.6,frame_0010,0.985,0,0,248003,0.8571,2.4566,0.5696,0.9841,0.8571,0.9841,1.6106,1
0.50,514.9,frame_0011,0.9626,0,0,250296,0.7498,0.973,1.0725,1.6968,0.7498,1.6968,2.2908,1
0.50,481.0,frame_0012,0.0,1,0,249638,0.9727,6.2588,1.1446,1.3836,0.9727,1.3836,2.354,1
0.50,504.3,frame_0013,0.9791,0,0,235037,0.6066,1.4694,0.6393,2.7392,0.6066,2.7392,2.7531,1
0.50,507.4,frame_0014,0.9862,0,0,236340,0.7766,0.7418,1.6533,0.8801,0.7766,0.8801,1.5216,1
0.50,476.4,frame_0015,0.986,0,0,270225,0.4415,2.242,0.8302,2.1526,0.4415,2.1526,2.5174,1
0.50,501.9,frame_0016,0.9886,0,0,255370,0.3242,2.8438,0.8282,1.7552,0.3242,1.7552,1.9619,1
0.50,513.4,frame_0017,0.9904,0,0,232743,0.3153,0.6378,1.1643,0.5498,0.3153,0.5498,0.6705,1
0.50,494.4,frame_0018,0.9867,0,0,256868,0.4649,3.6444,0.8827,1.3395,0.4649,1.3395,1.5458,1
0.50,485.5,frame_0019,0.9686,0,0,286173,0.6828,2.7765,0.8269,1.6453,0.6828,1.6453,2.2485,1
0.50,471.6,frame_0020,0.986,0,0,253131,0.3675,1.6317,1.498,0.903,0.3675,0.903,1.0128,1
0.50,483.9,frame_0021,0.9795,0,0,243404,0.5255,2.7889,1.7012,0.5407,0.5255,0.5407,1.0596,1
0.50,529.6,frame_0022,0.9891,0,0,221858,0.5326,2.6421,0.9486,1.455,0.5326,1.455,1.5354,1
0.50,478.9,frame_0023,0.8615,0,0,231223,1.5394,5.6825,3.1312,0.9048,1.5394,0.9048,2.3612,1
0.50,519.5,frame_0024,0.2607,1,0,144935,1.0052,2.3756,1.2786,0.9936,1.0052,0.9936,1.8922,1
0.50,474.8,frame_0025,0.9857,0,0,289529,0.6698,2.6804,1.2456,1.8829,0.6698,1.8829,2.0081,1
0.50,506.6,frame_0026,0.9555,0,0,257692,0.4207,1.1561,1.1131,1.7873,0.4207,1.7873,1.992,1
0.50,507.9,frame_0027,0.9745,0,0,256801,0.7209,2.208,1.2207,1.9468,0.7209,1.9468,2.1304,1
0.50,501.7,frame_0028,0.9866,0,0,192420,0.8914,2.4568,0.9896,1.0325,0.8914,1.0325,1.7369,1
0.50,487.6,frame_0029,0.8987,0,0,276713,0.1775,2.5946,0.6263,0.5694,0.1775,0.5694,0.6169,1
0.50,486.7,frame_0030,0.952,0,0,258472,0.7794,2.1087,1.0113,2.3926,0.7794,2.3926,3.1714,1
0.50,477.9,frame_0031,0.989,0,0,295355,0.4679,1.2551,1.6653,0.254,0.4679,0.254,0.744,1
0.50,505.8,frame_0032,0.988,0,0,252268,0.4593,2.2776,1.1639,2.0913,0.4593,2.0913,2.3938,1
0.50,495.9,frame_0033,0.986,0,0,238944,0.481,4.3667,1.7832,1.4561,0.481,1.4561,1.5827,1
0.50,498.1,frame_0034,0.9147,0,0,239829,0.3242,2.2395,0.6351,0.696,0.3242,0.696,0.9764,1
0.50,495.7,frame_0035,0.9855,0,0,269516,0.4642,2.901,1.0299,2.1006,0.4642,2.1006,2.331,1
0.50,484.9,frame_0036,0.9853,0,0,276104,0.4689,1.7064,1.8201,1.4219,0.4689,1.4219,1.4426,1
0.50,479.1,frame_0037,0.9882,0,0,300040,0.2124,3.5298,1.1828,1.1983,0.2124,1.1983,1.1735,1
0.50,523.0,frame_0038,0.0,1,0,186069,171.0606,593.2202,170.1658,567.5082,171.0606,567.5082,553.9689,0
0.50,473.5,frame_0039,0.9853,0,0,303115,0.7547,1.4356,1.0306,0.9585,0.7547,0.9585,1.4514,1
0.50,504.1,frame_0040,0.9882,0,0,245091,0.5804,3.103,1.851,1.0997,0.5804,1.0997,1.5843,1
0.50,509.2,frame_0041,0.9862,0,0,288308,0.1071,1.318,1.7107,1.5231,0.1071,1.5231,1.4923,1
0.50,517.2,frame_0042,0.9873,0,0,240667,0.5091,2.1872,1.1511,2.5269,0.5091,2.5269,2.4342,1
0.50,509.7,frame_0043,0.9865,0,0,277169,0.225,2.7508,1.3585,1.9195,0.225,1.9195,2.0335,1
0.50,519.3,frame_0044,0.9898,0,0,226156,0.3602,2.947,0.903,2.0238,0.3602,2.0238,2.0626,1
0.50,484.5,frame_0045,0.9877,0,0,251925,0.8289,3.132,1.7765,1.1113,0.8289,1.1113,1.5411,1
0.50,481.8,frame_0046,0.0,1,0,247417,170.5117,272.9819,157.8262,246.6568,170.5117,246.6568,292.1298,0
0.50,497.1,frame_0047,0.9889,0,0,248903,0.2049,1.7017,1.1999,1.8289,0.2049,1.8289,1.8876,1
0.50,521.7,frame_0048,0.9892,0,0,291154,0.5736,2.9407,1.0974,2.6176,0.5736,2.6176,2.5767,1
0.50,484.6,frame_0049,0.9899,0,0,310122,0.1976,2.1359,1.0719,0.8537,0.1976,0.8537,0.9015,1
0.60,588.5,frame_0000,0.9866,0,0,198631,1.0513,2.2756,1.7434,1.1529,1.0513,1.1529,2.0944,1
0.60,587.0,frame_0001,0.9895,0,0,215928,0.5499,2.6431,0.9397,0.9399,0.5499,0.9399,1.1651,1
0.60,608.1,frame_0002,0.986,0,0,172588,0.5748,2.5962,0.9253,1.3726,0.5748,1.3726,1.8455,1
0.60,621.4,frame_0003,0.9869,0,0,158186,0.3171,2.281,1.2718,2.5933,0.3171,2.5933,2.4229,1
0.60,622.7,frame_0004,0.9839,0,0,173911,0.2048,1.4289,2.0227,2.4985,0.2048,2.4985,2.6653,1
0.60,581.6,frame_0005,0.975,0,0,192802,0.1559,1.7673,1.4304,1.2077,0.1559,1.2077,1.2733,1
0.60,628.1,frame_0006,0.9872,0,0,153637,0.3957,2.1925,0.9449,1.0664,0.3957,1.0664,1.2814,1
0.60,593.5,frame_0007,0.9866,0,0,200519,0.3044,3.4808,0.6954,1.4198,0.3044,1.4198,1.5124,1
0.60,611.1,frame_0008,0.9887,0,0,202222,0.4597,2.2489,1.7301,2.437,0.4597,2.437,2.5822,1
0.60,605.0,frame_0009,0.9829,0,0,163492,0.4695,1.7589,1.7803,2.9802,0.4695,2.9802,3.1029,1
0.60,582.6,frame_0010,0.7519,0,0,176866,0.6923,2.0606,0.9661,2.8586,0.6923,2.8586,2.7903,1
0.60,614.9,frame_0011,0.9801,0,0,175570,1.0776,3.4559,0.9567,1.9956,1.0776,1.9956,2.9155,1
0.60,581.0,frame_0012,0.0,1,0,179603,0.8391,4.9046,0.8099,1.4039,0.8391,1.4039,2.2752,1
0.60,604.3,frame_0013,0.9787,0,0,172504,0.6537,2.2469,0.607,2.6701,0.6537,2.6701,2.6265,1
0.60,607.4,frame_0014,0.0,1,0,169953,2.1442,10.3682,1.2371,0.3635,2.1442,0.3635,2.8986,1
0.60,576.4,frame_0015,0.985,0,0,194047,0.4425,2.0435,0.9505,1.8699,0.4425,1.8699,2.111,1
0.60,601.9,frame_0016,0.9894,0,0,179596,0.2646,0.9776,0.9603,2.1905,0.2646,2.1905,2.4049,1
0.60,613.4,frame_0017,0.989,0,0,164965,0.5596,1.0548,1.1841,1.4485,0.5596,1.4485,1.8903,1
0.60,594.4,frame_0018,0.9868,0,0,179903,0.2726,4.3037,1.9773,1.3496,0.2726,1.3496,1.514,1
0.60,585.5,frame_0019,0.9843,0,0,200271,0.4569,2.0609,0.8382,2.0046,0.4569,2.0046,2.4132,1
0.60,571.6,frame_0020,0.9827,0,0,174346,0.7975,3.9598,1.0808,1.1428,0.7975,1.1428,1.7367,1
0.60,583.9,frame_0021,0.9784,0,0,168398,0.4158,1.4489,1.2757,1.1027,0.4158,1.1027,1.3111,1
0.60,629.6,frame_0022,0.9886,0,0,158051,0.8066,2.8041,0.7833,2.1772,0.8066,2.1772,2.3422,1
0.60,578.9,frame_0023,0.972,0,0,164377,0.6822,2.9154,3.3143,1.8401,0.6822,1.8401,2.4682,1
0.60,619.5,frame_0024,0.9784,0,0,104610,0.7119,3.4052,1.1593,1.5275,0.7119,1.5275,1.8522,1
0.60,574.8,frame_0025,0.9854,0,0,206335,0.5719,1.796,1.7035,1.6116,0.5719,1.6116,1.6959,1
0.60,606.6,frame_0026,0.9607,0,0,177294,0.3004,0.5343,1.289,1.405,0.3004,1.405,1.6621,1
0.60,607.9,frame_0027,0.9746,0,0,187626,0.3701,1.2024,1.1514,1.6216,0.3701,1.6216,1.5927,1
0.60,601.7,frame_0028,0.9845,0,0,137759,0.276,4.282,0.7844,0.7783,0.276,0.7783,0.8515,1
0.60,587.6,frame_0029,0.918,0,0,195749,0.2457,2.8706,0.9983,1.7384,0.2457,1.7384,1.8526,1
0.60,586.7,frame_0030,0.9866,0,0,181687,0.8389,3.2046,1.1124,1.6942,0.8389,1.6942,2.5784,1
0.60,577.9,frame_0031,0.9888,0,0,210773,0.3092,1.424,1.5297,0.2975,0.3092,0.2975,0.5489,1
0.60,605.8,frame_0032,0.9891,0,0,177868,0.355,2.9661,1.2411,2.0839,0.355,2.0839,2.2716,1
0.60,595.9,frame_0033,0.9834,0,0,166500,0.2593,1.4833,2.0605,2.4492,0.2593,2.4492,2.3724,1
0.60,598.1,frame_0034,0.9056,0,0,167748,0.6284,1.3089,0.9245,0.9826,0.6284,0.9826,1.4815,1
0.60,595.7,frame_0035,0.9852,0,0,194273,0.6145,2.2486,0.9448,1.9971,0.6145,1.9971,2.3282,1
0.60,584.9,frame_0036,0.6945,0,0,199678,0.4191,2.3359,1.5973,1.113,0.4191,1.113,1.1879,1
0.60,579.1,frame_0037,0.9872,0,0,214255,0.5141,3.2866,0.7867,1.7055,0.5141,1.7055,1.7363,1
0.60,623.0,frame_0038,0.9886,0,0,189445,0.1323,1.1786,0.8706,1.7511,0.1323,1.7511,1.7242,1
0.60,598.6,frame_0039,0.9846,0,0,161054,0.8589,4.0004,1.1693,1.7516,0.8589,1.7516,2.5464,1
0.60,617.1,frame_0040,0.9882,0,0,185542,0.278,1.7889,1.9491,1.5695,0.278,1.5695,1.6012,1
0.60,615.7,frame_0041,0.987,0,0,169016,0.2958,2.0915,1.907,1.574,0.2958,1.574,1.6962,1
0.60,581.9,frame_0042,0.9604,0,0,205427,0.4819,2.5744,2.4395,3.7307,0.4819,3.7307,3.9865,1
0.60,626.2,frame_0043,0.9836,0,0,156794,0.2729,2.2392,1.969,2.4829,0.2729,2.4829,2.3895,1
0.60,581.3,frame_0044,0.9876,0,0,198694,0.2804,1.3739,1.444,0.9723,0.2804,0.9723,1.1205,1
0.60,596.5,frame_0045,0.99,0,0,201218,0.4969,2.5778,1.0861,1.0361,0.4969,1.0361,1.186,1
0.60,590.6,frame_0046,0.9836,0,0,158636,0.6393,1.4368,1.4471,1.5545,0.6393,1.5545,2.1536,1
0.60,625.7,frame_0047,0.9866,0,0,181195,0.2917,2.069,1.2219,1.8917,0.2917,1.8917,2.0747,1
0.60,602.6,frame_0048,0.9649,0,0,166036,0.6603,2.8158,1.3285,1.191,0.6603,1.191,1.8089,1
0.60,626.4,frame_0049,0.9885,0,0,198232,1.1303,3.3737,1.3677,1.1593,1.1303,1.1593,1.964,1
0.70,688.5,frame_0000,0.9864,0,0,149993,1.0912,1.4285,1.9817,1.6365,1.0912,1.6365,2.5973,1
0.70,687.0,frame_0001,0.988,0,0,161887,0.5156,2.6743,1.0056,1.3312,0.5156,1.3312,1.461,1
0.70,708.1,frame_0002,0.9867,0,0,128289,0.51,3.2942,1.5559,1.3173,0.51,1.3173,1.7133,1
0.70,721.4,frame_0003,0.9869,0,0,120917,0.3559,3.1269,1.8445,2.8644,0.3559,2.8644,2.9065,1
0.70,722.7,frame_0004,0.9851,0,0,133349,0.3494,1.2178,1.3727,2.0374,0.3494,2.0374,1.9172,1
0.70,681.6,frame_0005,0.9719,0,0,143878,0.3473,2.3224,2.0659,1.949,0.3473,1.949,2.0681,1
0.70,728.1,frame_0006,0.9872,0,0,116141,0.3356,2.6621,1.1411,2.1848,0.3356,2.1848,2.3036,1
0.70,693.5,frame_0007,0.9863,0,0,152669,0.3294,3.2894,0.9418,1.7461,0.3294,1.7461,1.7821,1
0.70,711.1,frame_0008,0.9899,0,0,152659,1.4649,4.8148,1.4368,1.8206,1.4649,1.8206,3.4476,1
0.70,705.0,frame_0009,0.9766,0,0,137822,0.4358,1.9293,0.6738,1.8431,0.4358,1.8431,1.8392,1
0.70,714.9,frame_0010,0.9807,0,0,130030,0.9818,3.5218,1.1785,2.2463,0.9818,2.2463,2.9352,1
0.70,681.0,frame_0011,0.0001,1,0,135885,0.8996,4.5876,0.8341,1.1725,0.8996,1.1725,2.1289,1
0.70,704.3,frame_0012,0.9547,0,0,132872,0.7588,2.7749,0.9126,3.0728,0.7588,3.0728,3.1101,1
0.70,707.4,frame_0013,0.9856,0,0,129205,0.6282,1.2313,1.469,1.6218,0.6282,1.6218,1.7668,1
0.70,676.4,frame_0014,0.9843,0,0,148600,0.5389,0.3897,0.8941,2.4081,0.5389,2.4081,2.9243,1
0.70,701.9,frame_0015,0.9882,0,0,133204,0.3084,0.8213,0.6355,2.6103,0.3084,2.6103,2.8863,1
0.70,713.4,frame_0016,0.9876,0,0,125739,1.3955,0.935,1.71,1.4087,1.3955,1.4087,2.3895,1
0.70,694.4,frame_0017,0.9861,0,0,133060,0.1913,4.4229,1.6428,1.8414,0.1913,1.8414,2.0174,1
0.70,685.5,frame_0018,0.9883,0,0,148531,0.5813,2.0847,0.9768,2.7398,0.5813,2.7398,3.2778,1
0.70,671.6,frame_0019,0.9774,0,0,130580,0.9959,4.3329,0.7997,1.3651,0.9959,1.3651,2.1876,1
0.70,683.9,frame_0020,0.9774,0,0,124041,0.4544,1.0877,2.1274,1.6152,0.4544,1.6152,1.8886,1
0.70,729.6,frame_0021,0.9864,0,0,119085,0.477,2.5728,1.2722,2.3201,0.477,2.3201,2.1509,1
0.70,678.9,frame_0022,0.9769,0,0,124380,1.0659,2.7018,3.1635,1.9618,1.0659,1.9618,2.9737,1
0.70,719.5,frame_0023,0.9775,0,0,80161,0.351,5.3393,1.0188,1.57,0.351,1.57,1.4756,1
0.70,674.8,frame_0024,0.9853,0,0,154989,0.3342,1.8587,2.0271,2.1906,0.3342,2.1906,2.4153,1
0.70,706.6,frame_0025,0.9791,0,0,132726,0.5152,0.9316,1.088,1.7205,0.5152,1.7205,2.1718,1
0.70,707.9,frame_0026,0.9818,0,0,144967,0.3224,1.8846,1.0904,1.6824,0.3224,1.6824,1.6141,1
0.70,701.7,frame_0027,0.9863,0,0,103496,0.4772,2.5623,0.9822,1.4352,0.4772,1.4352,1.8289,1
0.70,687.6,frame_0028,0.9888,0,0,146388,0.1943,2.1366,0.952,2.0089,0.1943,2.0089,2.0565,1
0.70,686.7,frame_0029,0.985,0,0,138975,0.7762,1.7925,1.0542,2.2324,0.7762,2.2324,2.989,1
0.70,677.9,frame_0030,0.9878,0,0,158378,0.2897,2.1328,1.5684,1.2089,0.2897,1.2089,1.1703,1
0.70,705.8,frame_0031,0.9883,0,0,132176,0.3355,3.9135,0.9544,1.8074,0.3355,1.8074,1.7319,1
0.70,695.9,frame_0032,0.9826,0,0,124452,0.2052,1.6657,2.1913,2.6463,0.2052,2.6463,2.6511,1
0.70,698.1,frame_0033,0.9825,0,0,124090,0.4482,1.0931,1.3065,1.7197,0.4482,1.7197,1.9947,1
0.70,695.7,frame_0034,0.9842,0,0,147239,0.4646,0.6546,1.0064,1.7896,0.4646,1.7896,2.0956,1
0.70,684.9,frame_0035,0.9744,0,0,153073,0.4225,2.2134,1.5342,1.722,0.4225,1.722,1.7297,1
0.70,679.1,frame_0036,0.9874,0,0,161599,0.5326,3.32,0.657,2.849,0.5326,2.849,2.8104,1
0.70,723.0,frame_0037,0.9865,0,0,143176,0.5046,0.9742,0.7999,2.6625,0.5046,2.6625,2.9355,1
0.70,698.6,frame_0038,0.9871,0,0,121744,1.1212,3.1534,1.1363,1.217,1.1212,1.217,2.4284,1
0.70,717.1,frame_0039,0.9874,0,0,140046,0.3001,1.9531,1.8064,1.7218,0.3001,1.7218,1.6286,1
0.70,715.7,frame_0040,0.9861,0,0,129359,0.5351,3.1935,1.9143,1.5438,0.5351,1.5438,1.809,1
0.70,681.9,frame_0041,0.9864,0,0,154644,0.1942,2.7608,2.7437,4.1683,0.1942,4.1683,4.3158,1
0.70,726.2,frame_0042,0.983,0,0,120153,0.2615,2.2642,1.9141,2.6762,0.2615,2.6762,2.6966,1
0.70,681.3,frame_0043,0.9865,0,0,147805,0.4988,2.21,1.074,1.1609,0.4988,1.1609,1.6058,1
0.70,696.5,frame_0044,0.989,0,0,152157,0.5716,2.9114,1.3553,1.3405,0.5716,1.3405,1.4513,1
0.70,690.6,frame_0045,0.9718,0,0,117932,0.6829,2.0991,1.3568,2.2686,0.6829,2.2686,2.9023,1
0.70,725.7,frame_0046,0.9866,0,0,139246,0.4709,2.9805,1.2069,2.2282,0.4709,2.2282,2.5385,1
0.70,702.6,frame_0047,0.9804,0,0,128248,1.0661,3.5976,0.9554,1.5551,1.0661,1.5551,2.6322,1
0.70,726.4,frame_0048,0.9879,0,0,152533,0.7783,3.076,0.936,1.1829,0.7783,1.1829,1.6236,1
0.70,724.1,frame_0049,0.9803,0,0,120324,0.4941,1.2909,1.9215,2.2474,0.4941,2.2474,2.5521,1
0.80,788.5,frame_0000,0.9828,0,0,118295,0.372,3.8104,1.8293,1.5951,0.372,1.5951,1.5539,1
0.80,787.0,frame_0001,0.9881,0,0,126302,0.6392,3.3119,0.8357,1.7514,0.6392,1.7514,1.9644,1
0.80,808.1,frame_0002,0.9845,0,0,99560,0.8208,4.3297,1.7411,1.7046,0.8208,1.7046,2.3633,1
0.80,821.4,frame_0003,0.9867,0,0,95602,0.4314,4.0646,1.4328,2.8857,0.4314,2.8857,3.0896,1
0.80,822.7,frame_0004,0.9854,0,0,105802,0.4385,3.3211,1.7679,2.1231,0.4385,2.1231,2.0239,1
0.80,781.6,frame_0005,0.9718,0,0,111621,0.2584,2.6581,1.5729,2.4156,0.2584,2.4156,2.4147,1
0.80,828.1,frame_0006,0.9856,0,0,90907,0.9999,2.9689,1.1739,1.4095,0.9999,1.4095,2.3061,1
0.80,793.5,frame_0007,0.9841,0,0,120870,0.4976,4.4844,0.2994,2.0595,0.4976,2.0595,2.1332,1
0.80,811.1,frame_0008,0.9893,0,0,119673,0.3813,3.8738,0.8802,2.1068,0.3813,2.1068,2.0345,1
0.80,805.0,frame_0009,0.9727,0,0,109925,0.2102,1.6447,3.9943,4.5619,0.2102,4.5619,4.5854,1
0.80,814.9,frame_0010,0.9814,0,0,100531,0.8975,2.936,1.1268,3.4422,0.8975,3.4422,4.0848,1
0.80,781.0,frame_0011,0.9847,0,0,106502,0.8773,3.5616,1.1526,1.653,0.8773,1.653,2.3928,1
0.80,804.3,frame_0012,0.9771,0,0,105566,0.9374,5.1742,0.3403,2.2466,0.9374,2.2466,2.6182,1
0.80,807.4,frame_0013,0.9841,0,0,101751,0.6034,1.7597,1.5859,2.0734,0.6034,2.0734,2.2159,1
0.80,776.4,frame_0014,0.9832,0,0,117610,0.5678,0.2344,0.4424,1.8239,0.5678,1.8239,2.3437,1
0.80,801.9,frame_0015,0.9868,0,0,103064,0.2271,1.784,0.4606,2.7631,0.2271,2.7631,2.9057,1
0.80,813.4,frame_0016,0.9879,0,0,99584,1.4687,1.1495,1.9806,2.5904,1.4687,2.5904,3.5412,1
0.80,794.4,frame_0017,0.9864,0,0,102535,0.2713,5.1694,0.7847,1.8963,0.2713,1.8963,2.1487,1
0.80,785.5,frame_0018,0.972,0,0,99005,0.9592,2.4234,3.5396,2.7896,0.9592,2.7896,3.481,1
0.80,810.8,frame_0019,0.9883,0,0,119585,0.5858,1.0207,0.5298,2.8003,0.5858,2.8003,3.1238,1
0.80,812.9,frame_0020,0.9838,0,0,117991,0.5985,2.1141,0.8788,3.8678,0.5985,3.8678,4.1906,1
0.80,800.2,frame_0021,0.0001,1,0,72766,140.4433,500.8787,133.8475,488.1915,140.4433,488.1915,516.3399,0
0.80,772.3,frame_0022,0.979,0,0,99011,0.3289,1.2663,0.8898,2.8774,0.3289,2.8774,2.9971,1
0.80,820.1,frame_0023,0.9838,0,0,100675,0.5601,2.8607,2.3019,2.6926,0.5601,2.6926,3.1466,1
0.80,777.8,frame_0024,0.9866,0,0,102634,0.8074,1.9403,1.601,3.1256,0.8074,3.1256,3.4106,1
0.80,774.6,frame_0025,0.9867,0,0,106549,0.5793,3.5701,1.4861,2.0793,0.5793,2.0793,2.2737,1
0.80,813.2,frame_0026,0.9871,0,0,116819,0.4056,2.0237,1.4618,2.2536,0.4056,2.2536,2.2366,1
0.80,771.8,frame_0027,0.9887,0,0,111130,0.907,2.165,1.4834,2.5866,0.907,2.5866,3.269,1
0.80,778.1,frame_0028,0.9814,0,0,107499,0.5711,0.8968,1.5432,1.9577,0.5711,1.9577,2.2238,1
0.80,805.7,frame_0029,0.9857,0,0,112755,0.5293,2.5567,1.5305,2.1917,0.5293,2.1917,2.6985,1
0.80,776.2,frame_0030,0.9872,0,0,112794,0.8842,1.9151,1.6809,1.6426,0.8842,1.6426,2.4685,1
0.80,795.9,frame_0031,0.9852,0,0,102535,0.4525,2.5824,0.4701,3.5302,0.4525,3.5302,3.895,1
0.80,788.6,frame_0032,0.985,0,0,114898,0.2544,1.2099,1.0833,2.551,0.2544,2.551,2.6943,1
0.80,780.9,frame_0033,0.3799,0,0,94379,0.8724,1.9157,1.22,1.8531,0.8724,1.8531,2.4042,1
0.80,830.0,frame_0034,0.9818,0,0,112268,0.2896,2.4439,1.5739,2.6071,0.2896,2.6071,2.6075,1
0.80,788.0,frame_0035,0.9863,0,0,132041,0.551,2.8244,1.2084,2.5782,0.551,2.5782,2.6777,1
0.80,819.0,frame_0036,0.631,0,0,92874,1.16,2.7133,1.3111,0.6712,1.16,0.6712,1.8387,1
0.80,779.0,frame_0037,0.9839,0,0,122667,0.4053,3.7952,0.7491,1.8887,0.4053,1.8887,1.9104,1
0.80,823.9,frame_0038,0.983,0,0,96517,0.2404,3.5408,0.7778,1.9159,0.2404,1.9159,1.8148,1
0.80,826.6,frame_0039,0.9854,0,0,104439,0.5457,1.3557,1.7223,2.8656,0.5457,2.8656,2.9932,1
0.80,786.6,frame_0040,0.9826,0,0,113752,0.5562,0.4798,1.3866,2.0368,0.5562,2.0368,2.4093,1
0.80,813.2,frame_0041,0.9852,0,0,114043,0.3042,2.2218,1.2847,2.4768,0.3042,2.4768,2.5705,1
0.80,776.7,frame_0042,0.9872,0,0,109356,0.6319,2.4969,1.559,2.1335,0.6319,2.1335,2.5773,1
0.80,780.3,frame_0043,0.9818,0,0,118584,0.493,3.6801,1.7273,1.0847,0.493,1.0847,1.3365,1
0.80,796.3,frame_0044,0.9864,0,0,112271,0.443,1.3854,0.6591,2.5623,0.443,2.5623,2.8797,1
0.80,808.0,frame_0045,0.9754,0,0,81790,0.6579,1.2699,1.1863,1.9927,0.6579,1.9927,2.5791,1
0.80,792.7,frame_0046,0.9805,0,0,79064,0.6599,0.6299,1.591,1.3941,0.6599,1.3941,1.909,1
0.80,816.7,frame_0047,0.9812,0,0,107507,0.2735,2.5208,0.8094,2.5968,0.2735,2.5968,2.5382,1
0.80,792.6,frame_0048,0.981,0,0,119352,0.3545,2.203,1.1972,1.7819,0.3545,1.7819,1.6469,1
0.80,822.6,frame_0049,0.9843,0,0,107243,0.3314,2.7266,0.8639,1.9923,0.3314,1.9923,2.2815,1
